collected_at,category,keyword,title,description,pub_date,link
2026-07-28 02:51,콘텐츠 자산화·상각,콘텐츠 제작비 자산화,산업 꿰뚫는 감사인이 기업가치 지킨다 [삼일 이슈 프리즘],"엔터테인먼트&미디어(Entertainment & Media) 분야 역시 저작권 수익 배분, 계약수익 인식, 제작비 자산화 등에서... 최근에는 AI 생성 콘텐츠의 회계처리와 대체불가능토큰(NFT) 기반 디지털 아트의 자산 분류 등 전례 없는...","Thu, 04 Sep 2025 15:01:00 +0900",https://n.news.naver.com/mnews/article/015/0005180243?sid=101
2026-07-28 02:51,콘텐츠 자산화·상각,콘텐츠 제작비 자산화,"유진투자證 ""제이콘텐트리, '이태원 클라쓰'로 여는 수목드라마""","한상웅 연구원은 ""이때문에 증편된 수목드라마는 일정 수준의 판매매출을 확보함으로써 제작비 증가에... 무형자산화 한 판권에 대한 상각비 반영이 예상되기 때문""이라며 ""다만, 해당 콘텐츠의 중국 수출이 재개되면...","Mon, 20 Jan 2020 09:09:00 +0900",https://n.news.naver.com/mnews/article/003/0009661259?sid=101
2026-07-28 02:51,콘텐츠 자산화·상각,콘텐츠 제작비 자산화,"글로벌 OTT의 '제작비 100% 지원' 규칙, 한국 창작자 갉아먹는 족쇄","'수익률 10%의 덫', Cost-Plus 계약의 명암 한국 제작사들이 넷플릭스 등 글로벌 OTT로부터 전액 제작비를... 콘텐츠 산업의 본질은 하나의 성공한 IP를 자산화하여 시즌제, 스핀오프, 캐릭터 상품 등으로 '롱테일 수익(Long-tail...","Mon, 22 Jun 2026 09:31:00 +0900",https://n.news.naver.com/mnews/article/047/0002520037?sid=102
2026-07-28 02:51,콘텐츠 자산화·상각,콘텐츠 제작비 자산화,[굿모닝퓨처] K-콘텐츠 산업의 패러다임 전환,"'수익률 10%의 덫'—Cost-Plus 계약의 명암 한국 제작사들이 넷플릭스 등 글로벌 OTT로부터 전액 제작비를... 콘텐츠 산업의 본질은 하나의 성공한 IP를 자산화하여 시즌제, 스핀오프, 캐릭터 상품 등으로 '롱테일 수익(Long-tail...","Mon, 22 Jun 2026 09:00:00 +0900",https://www.goodmorningcc.com/news/articleView.html?idxno=447802
2026-07-28 02:51,콘텐츠 자산화·상각,콘텐츠 제작비 자산화,"[단독] ""K콘텐츠 대박? 제작사 돈 못 버는 구조"" 나스닥 간 케이웨이브...","특히 콘텐츠의 디지털 자산화를 목표로 증권형 토큰 플랫폼 구축에도 박차를 가하는 중이다. 최근 OSEN과... 콘텐츠 전체 제작비의 30~40% 가량을 직접 투자함으로써 글로벌 OTT와 IP를 공동 소유하고, 수익을 공정하게 나눌...","Sun, 21 Dec 2025 10:05:00 +0900",https://m.entertain.naver.com/article/109/0005450544
2026-07-28 02:51,콘텐츠 자산화·상각,콘텐츠 제작비 자산화,"'소버린 AI' 어떻게 봐야 할까…""담론 기반 현실적 전략 필요""",점점 더 많은 기술이 전략 자산화되고 수출 제한과 종속의 가능성이 커지는 상황에서 장기적이고 세부적인... 넷플릭스가 콘텐츠 제작비를 높이며 국내 제작사들을 하청화하는 것처럼 AI 분야에서도 해외 플랫폼 의존...,"Mon, 25 Nov 2024 08:01:00 +0900",https://n.news.naver.com/mnews/article/092/0002353780?sid=105
2026-07-28 02:51,콘텐츠 자산화·상각,콘텐츠 제작비 자산화,"머나먼 OTT 해외진출의 꿈…""현지화도, 상생도 결국 '돈'""",이어 “넷플릭스 같은 경우 이런 데이터를 자산화하면서 더 큰 파워를 가지게 된 상황”이라며 “데이터를... 컨소시엄에 콘텐츠 제작비 뿐만 아니라 국제 콘텐츠 마켓 참가 및 더빙·자막제공을 지원하겠다고도...,"Thu, 06 Apr 2023 23:53:00 +0900",https://n.news.naver.com/mnews/article/138/0002145960?sid=105
2026-07-28 02:51,콘텐츠 자산화·상각,콘텐츠 제작비 자산화,NFT 올라타는 초록뱀…IP 기업들의 NFT ‘러시’,외주 제작은 드라마 제작비 대부분을 방송사가 부담하고 저작권 역시 방송사가 보유하고 있어 제작사의... 시장에서는 하이브가 소속 아티스트의 굿즈에 NFT를 접목해 디지털 자산화에 나서고 메타버스 콘텐츠로...,"Thu, 04 Nov 2021 15:45:00 +0900",https://n.news.naver.com/mnews/article/016/0001908566?sid=101
2026-07-28 02:51,콘텐츠 자산화·상각,무형자산 손상차손,"[마켓인]낙관론이 키운 4200억 손상…크래프톤, 공격적 M&A ‘도마’",외환손실에 더해 영업권을 비롯한 무형자산 손상차손 등이 일회성 비용으로 반영돼 당기순이익 감소로 이어졌다는 분석이다. 이러한 상황에서도 크래프톤은 지난해 일본 ADK 그룹(ADKRAFTON)을 7080억원에 인수하는 등...,"Mon, 16 Mar 2026 17:49:00 +0900",https://n.news.naver.com/mnews/article/018/0006236575?sid=101
2026-07-28 02:51,콘텐츠 자산화·상각,무형자산 손상차손,"수성웹툰, 매출 927억원으로 전년비 35%↑…""영업권 손상 선제 반영""","다만 회사는 기타 비용으로 무형자산손상차손 389억원을 선제적으로 반영했다. 이는 과거 인수 과정에서 발생한 영업권과 무형자산의 가치 하락을 장부상 비용으로 반영한 것으로, 현금 유출이 없는 비현금성 비용이다....","Tue, 03 Mar 2026 08:48:00 +0900",https://n.news.naver.com/mnews/article/018/0006227197?sid=101
2026-07-28 02:51,콘텐츠 자산화·상각,무형자산 손상차손,"크래프톤, '배그' 의존도 심각…손상차손 7배 급증[더시그널]","크래프톤의 지난해 무형자산손상차손은 763억원으로 전년 111억원 대비 무려 590% 증가했다. 특히 ADK 광고부문의 경우 연결 편입으로 매출 외형 확대에는 기여했지만, 기존 게임 사업 대비 수익성이 낮은 편이다....","Mon, 11 May 2026 06:02:00 +0900",http://www.hansbiz.co.kr/news/articleView.html?idxno=837373
2026-07-28 02:51,콘텐츠 자산화·상각,무형자산 손상차손,"수성웹툰, 매출 927억 원으로 35% 성장…영업권 손상 선제 반영","다만 회사는 기타 비용으로 무형자산손상차손 389억 원을 선제적으로 반영했다. 이는 과거 인수 과정에서 발생한 영업권과 무형자산의 가치 하락을 장부상 비용으로 반영한 것으로, 현금 유출이 없는 비현금성...","Wed, 04 Mar 2026 08:38:00 +0900",https://www.the-stock.kr/news/articleView.html?idxno=32087
2026-07-28 02:51,콘텐츠 자산화·상각,무형자산 손상차손,"수성웹툰, 매출 927억 원으로 35% 성장… 영업권 손상 선제 반영","다만 회사는 기타 비용으로 무형자산손상차손 389억 원을 선제적으로 반영했다. 이는 과거 인수 과정에서 발생한 영업권과 무형자산의 가치 하락을 장부상 비용으로 반영한 것으로, 현금 유출이 없는 비현금성...","Tue, 03 Mar 2026 08:56:00 +0900",http://www.globalepic.co.kr/view.php?ud=2026030308524947265ebfd494dd_29
2026-07-28 02:51,콘텐츠 자산화·상각,판권 무형자산,"[크레딧뷰어] CJ ENM, '티빙·피프스시즌' 적자 늪 탈출…본업 살렸지만...","나신평은 ""2026년부터 콘텐츠 판권 상각기간이 기존 2년에서 4년으로 연장된 점은 향후 회사의 회계상... 하지만 이후 무형자산 투자 효율화에 나서며 잉여현금흐름 규모를 지난해 9484억원까지 줄였다. 여기에...","Wed, 10 Jun 2026 16:52:00 +0900",https://www.kfenews.co.kr/news/articleView.html?idxno=658692
2026-07-28 02:51,콘텐츠 자산화·상각,판권 무형자산,"[더벨][컨콜 Q&A 리뷰] CJ ENM 티빙, 2분기 손익분기점 달성 자신",여기에 티빙은 올해부터 판권의 내용 연수를 현실화했다. 무형 자산의 상각 기간을 글로벌 OTT 표준인 4~7년 수준으로 늘린 것이다. 그동안 티빙은 4개월 가속 상각을 가져갔던 만큼 이로 인해 오리지널 콘텐츠의 비용...,"Mon, 11 May 2026 16:12:00 +0900",https://www.thebell.co.kr/free/content/ArticleView.asp?key=202605071554458320108710
2026-07-28 02:51,콘텐츠 자산화·상각,판권 무형자산,[Who Is ?] 한상우 카카오게임즈 대표이사,"신작 준비 비용 증가와 무형자산 손상차손 반영 등이 주된 원인으로 지목된다. 당기순손실은 1431억 원으로... 중국 판권을 추가 확보한 게임이 있고 판권 논의가 진행 중인 게임들도 있다."" (2025/02/11, 2024년 4분기...","Mon, 27 Apr 2026 22:46:00 +0900",https://www.businesspost.co.kr/BP?command=article_view&num=436424
2026-07-28 02:51,콘텐츠 자산화·상각,판권 무형자산,넷플릭스 5년새 매출 2배…토종OTT는 매년 적자,티빙은 지난해 판권과 영업권 등 무형자산 취득에 1695억원을 지출하는 등 매년 1500억원이 넘는 비용을 쓰고 있다. 웨이브와 티빙은 양사의 중복 투자를 줄이고 운영비 등 절감을 위해 합병을 추진 중이다. 하지만...,"Tue, 21 Apr 2026 14:17:00 +0900",https://n.news.naver.com/mnews/article/648/0000046454?sid=105
2026-07-28 02:51,콘텐츠 자산화·상각,판권 무형자산,"티빙, 점유율 높이는 동안 적자 쌓였다…""웨이브 합병 시급해""","티빙은 지난해 판권 등 무형자산 취득에 1695억원의 현금을 지출했다. 2024년과 2023년에도 무형자산 취득에 각각 1717억원, 1543억원의 현금이 나갔다. 지출이 누적되니 곳간이 바닥을 보인다. 지난해 말 티빙 현금 및...","Sun, 19 Apr 2026 07:00:00 +0900",https://n.news.naver.com/mnews/article/008/0005346035?sid=105
2026-07-28 02:51,콘텐츠 자산화·상각,판권 무형자산,넷플릭스 한국 진출 10년의 명암 [이수지의 Enter In Law],값진 무형 자산이라 할 수 있다. 화려한 성과의 이면에는 한국 콘텐츠 산업이 거대 자본의 ‘하청 공장’으로 전락하고 있다는 우려도 있다. 넷플릭스는 제작비 전액을 지원하는 대신 IP(지식재산권)와 글로벌 판권을...,"Tue, 31 Mar 2026 16:12:00 +0900",https://n.news.naver.com/mnews/article/011/0004605515?sid=110
2026-07-28 02:51,콘텐츠 자산화·상각,판권 무형자산,"[IB토마토]초록뱀미디어, 투자 재원 마련 '분주'…M&A 검토","협찬, 판권, 음원 등을 유통하며 발생하는 매출을 수익으로 하고 있다. 지난해 3분기에는 주력사업의... 기타금융상품과 관계기업투자, 유형자산과 무형자산 등을 처분하면서 2023년과 2024년 각각 619억원, 103억원이...","Wed, 04 Mar 2026 06:02:00 +0900",http://www.newstomato.com/ReadNews.aspx?no=1292797&inflow=N
2026-07-28 02:51,우발부채·소송,정산 분쟁 엔터,"‘빅플래닛과 정산 소송’ 이무진, 마운드미디어에 새 둥지 [공식]","앞서 이무진은 전 소속사 빅플래닛메이드엔터와 전속계약 관련 법적 분쟁을 벌여왔다. 앞서 이무진 측은 지난해 2분기부터 4분기, 올해 1분기까지 발생한 정산금을 지급받지 못했다며 지난 3월 전속계약 해지를 통보한...","Fri, 10 Jul 2026 09:14:00 +0900",https://m.entertain.naver.com/article/009/0005705490
2026-07-28 02:51,우발부채·소송,정산 분쟁 엔터,한 달 40시간 푹 빠졌다”… 챗GPT 누르고 네이버웹툰 턱밑까지 온 ‘제...,단순한 AI 챗봇의 인기를 넘어 ‘대화형 엔터테인먼트’라는 새로운 장르를 개척한 제타는 이제 웹툰... 일부를 정산해주는 보상 체계까지 도입했다. ④채팅에서 멀티미디어로 진화 서비스 자체도 텍스트 채팅에...,"Tue, 07 Jul 2026 18:09:00 +0900",https://n.news.naver.com/mnews/article/018/0006324825?sid=105
2026-07-28 02:51,우발부채·소송,정산 분쟁 엔터,"제로엔터, 라이브 크리에이터 불공정 계약 상담 창구 운영",-소속 여부와 관계없이 계약·정산·위약금 관련 상담 접수 -수익 배분·위약금·불공정 조항 없앤 ‘3ZERO 정책’ 운영 기준 제시 제로엔터테인먼트가 신입 BJ와 라이브 크리에이터를 대상으로 불공정 계약과 정산 분쟁...,"Sat, 11 Jul 2026 09:00:00 +0900",https://n.news.naver.com/mnews/article/241/0003519395?sid=101
2026-07-28 02:51,우발부채·소송,정산 분쟁 엔터,"제로엔터테인먼트, 신입 BJ 계약 리스크 방지 '3ZERO 정책' 진행","조건, 정산 방식의 투명성, 해지 위약금 설정, 활동 요구 범위의 정당성 등을 둘러싼 분쟁이 지속해서... 불투명한 정산 절차, 과도한 위약금 청구 등의 갈등 요인이 발생하고 있다. 제로엔터테인먼트는 이러한 시장...","Wed, 08 Jul 2026 08:50:00 +0900",https://www.gokorea.kr/news/articleView.html?idxno=871451
2026-07-28 02:51,우발부채·소송,정산 분쟁 엔터,"MCN 불공정 계약 막는다…제로엔터, 신입 BJ 위한 ‘3ZERO’ 정책 제시",MCN 기업 제로엔터테인먼트가 신입 BJ와 라이브 크리에이터를 대상으로 한 계약 운영 기준인 '3ZERO 정책'을... 조건과 정산 방식 등을 둘러싼 분쟁이 이어지는 상황을 반영해 마련됐다. 업계에서는 신입 크리에이터가...,"Mon, 06 Jul 2026 12:20:00 +0900",https://www.asiatoday.co.kr/kn/view.php?key=20260706001216075
2026-07-28 02:51,우발부채·소송,정산 분쟁 엔터,"한국엔터법학회, '중소 기획사 보호·아티스트 권리' 학술대회",[사진=한국엔터테인먼트법학회 제공] 한국엔터테인먼트법학회(회장 안재형)는 26일 아주대 법학연구소(소장... 박 변호사는 최근 전속계약 분쟁의 쟁점이 정산금 지급 여부를 넘어 수익 분배의 투명성을 확인하기 위한...,"Mon, 29 Jun 2026 13:18:00 +0900",https://news.koreanbar.or.kr/news/articleView.html?idxno=35808
2026-07-28 02:51,우발부채·소송,정산 분쟁 엔터,"""가족인 줄 알았는데…"" 정산 미지급→부당 대우에 소속사 과감히 '손절...","배우 송지효 역시 전 소속사 우쥬록스 엔터테인먼트를 상대로 한 정산금 분쟁에서 최종 승소했다. 송지효는 우쥬록스가 정산금 9억 8,400만 원을 지급하지 않자 전속계약 해지를 통보하고 소송을 제기했다. 이에 소속사...","Thu, 25 Jun 2026 20:01:00 +0900",https://m.entertain.naver.com/article/213/0001392168
2026-07-28 02:51,우발부채·소송,정산 분쟁 엔터,"이무진, “20억 이상 정산 못 받아”…소속사 전속계약 해지 소송",빅플래닛메이드엔터를 상대로 전속계약 효력 부존재 확인 및 미지급 정산금 지급 청구 소송을 제기했다. 이... 최근 원헌드레드와 소속 레이블을 둘러싸고 아티스트 이탈과 법적 분쟁이 잇따르고 있다. 태민과 이승기...,"Wed, 24 Jun 2026 17:18:00 +0900",http://www.metroseoul.co.kr/article/20260624500488
2026-07-28 02:51,우발부채·소송,출연료 정산 소송,"박수홍 형수, ‘허위사실 유포’ 항소심도 벌금 1200만원‥98억 손배소는...",해당 사건과 별개로 박수홍 친형은 2011년부터 2021년까지 박수홍 개인 소속사 자금과 박수홍의 출연료 등을... 청구하는 소송을 제기했다. 박수홍은 20년 동안의 정산 피해 금액을 모두 합쳐 청구액을 198억 원으로...,"Thu, 23 Jul 2026 16:39:00 +0900",https://m.entertain.naver.com/article/609/0001149294
2026-07-28 02:51,우발부채·소송,출연료 정산 소송,"전효성, 3년 일한 출연료 아예 못 받았었다…""인생 공부 많이 해""(김숙티...","당시 전효성 측은 소속사가 출연료 등을 제대로 정산하지 않고, 자신의 동의 없이 가수 매니지먼트 권한을 다른 사업자에게 양도했다며, 전속계약 효력 부존재 확인 소송을 제기했다. 이후 법원은 전효성의 손을...","Mon, 15 Jun 2026 20:45:00 +0900",https://m.entertain.naver.com/article/445/0000426556
2026-07-28 02:51,우발부채·소송,출연료 정산 소송,뮤지컬 '드림하이' 미지급 사태 미종결…제작사는 시즌3 홍보中 [셀럽이...,"보기엔 정산이 되고 있다고 보기 어려운 수준의 일부 금액이다""라고 지적했다. 이어 ""제가 부당하게 돈을... 그러나 출연료를 제대로 지급받지 못해 올해 초 제작사를 상대로 '억대 소송'에 돌입했다. 당시 영재의 소속사...","Wed, 10 Jun 2026 14:12:00 +0900",http://www.celuvmedia.com/article.php?aid=1781063825521945006
2026-07-28 02:51,우발부채·소송,출연료 정산 소송,"[미스터리경제] 회사는 있는데, 회사가 없다? '1인 기획사' 논란, 왜 (영...","출연하면 출연료를 받고 광고나 행사나 초상권이나 IP, 지적재산권이나 이런 파생된 수익을 받잖아요. 그런 것들이 다 소속사를 통해서 지급이 될 텐데 소속사에 속해 있으면 몇 대 몇이라든지 계약서 토대로 정산이...","Sat, 18 Apr 2026 00:01:00 +0900",https://n.news.naver.com/mnews/article/629/0000492515?sid=101
2026-07-28 02:51,우발부채·소송,출연료 정산 소송,MBN '위대한 쇼: 태권' 먹튀 논란 확산… 출연료·우승상금 1억 원 미지...,"복수의 출연자 소속사는 지난해 8월 프로그램 종영 후에도 1회차만 지급됐을 뿐 나머지 출연료가 정산되지... 미지급으로 피해를 입은 출연진 측 소송 대리인은 ""연예인과 전문가 심사위원들의 피해만큼 큰 피해는...","Wed, 18 Mar 2026 15:06:00 +0900",https://mookas.com/news/19950
2026-07-28 02:51,우발부채·소송,출연료 정산 소송,"[단독] ""방송사가 지급""... '위대한 쇼: 태권' 계약서 단독 입수, MBN 책임...",이들은 출연료 및 상금 미지급과 관련해 민사 소송이 아닌 형사 고소를 포함한 법적 대응을 검토하고 있는 것으로 전해졌다. 실제 고소가 이뤄질 경우 이번 사안은 단순한 정산 분쟁을 넘어 형사 사건으로까지 확대될...,"Thu, 05 Mar 2026 19:54:00 +0900",https://m.entertain.naver.com/article/445/0000389228
2026-07-28 02:51,지배구조·합병,엔터 M&A 합병,"앵커PE, 카카오엔터 인수금융 리파이낸싱 추진…3000억대 리캡 '부메랑'",카카오엔터는 과거 공격적인 인수합병(M&A) 이후 2년 연속 매출이 역성장하고 지속적인 당기순손실을 기록하는 등 실적 역성장과 수익성 악화를 겪어왔다. 중복상장 금지 규제에 IPO를 통한 회수도 사실상 차단됐다....,"Fri, 24 Jul 2026 11:35:00 +0900",https://n.news.naver.com/mnews/article/015/0005313446?sid=101
2026-07-28 02:51,지배구조·합병,콘텐츠사 지분인수,"[마켓인]텐센트, 韓 지분 확대 기조…'우호적 투자'서 M&A 촉발 신호로?",특히 최근 SM엔터 지분 인수를 계기로 업계 내부에서는 텐센트가 한국 콘텐츠 생태계에 대한 학습과 협업 의지를 높이고 있다는 분위기가 감지된다. 업계에 따르면 텐센트 내부 고위 인사들이 최근 한국 문화 및 IP...,"Fri, 27 Jun 2025 20:07:00 +0900",https://n.news.naver.com/mnews/article/018/0006051027?sid=101
2026-07-28 02:51,정책·지원제도,콘텐츠산업 지원정책,"""K-콘텐츠 연계한 K-굿즈 생산이 서울 도시제조업 새 성장동력""","K-팝과 드라마, 웹툰 등 K-콘텐츠의 세계적 인기에 힘입어 K-굿즈 시장이 빠르게 성장하는 가운데, 이를 서울... 문체부의 인쇄문화산업 진흥계획과 중기부 소공인 지원정책에 K-굿즈를 반영하고, 대통령 직속...","Mon, 27 Jul 2026 11:12:00 +0900",http://www.kbiznews.co.kr/news/articleView.html?idxno=114587
2026-07-28 02:51,정책·지원제도,저작권법 개정 콘텐츠,“불법 웹툰사이트 트래픽 64% 급감”…긴급차단제 두 달 성과 가시화,개정 저작권법에 따른 긴급차단·접속차단 제도가 시행 두 달 만에 가시적 성과를 내고 있다. 국내 최대... 콘텐츠전송네트워크(CDN)와 HTTPS 암호화 등 우회 기술로 인해 국내 인터넷서비스제공사업자(ISP)를 통한...,"Sun, 12 Jul 2026 13:31:00 +0900",https://n.news.naver.com/mnews/article/030/0003446811?sid=105
